time,evi,ndvi,lswi
1/1/2001,0.2680131,0.523268206,-0.028325402
1/9/2001,0.284307141,0.567386448,-0.016814573
1/17/2001,0.264661654,0.560956175,-0.046715328
1/25/2001,0.284103038,0.513009958,-0.003174603
2/2/2001,0.266446504,0.553390491,-0.043666027
2/10/2001,0.2711934,0.572723689,-0.040634768
2/18/2001,0.340040754,0.600771456,0.023638232
2/26/2001,0.310770933,0.592267135,-0.001762891
3/6/2001,0.286170613,0.589168279,-0.041977612
3/14/2001,0.321210419,0.574027604,-0.01684953
3/22/2001,0.287903413,0.59377494,-0.005478088
3/30/2001,0.365386719,0.654046997,0.065377339
4/7/2001,0.409162027,0.681721734,0.134096484
4/15/2001,0.437329168,0.69058296,0.163804746
4/23/2001,0.383221226,0.682529118,0.149352125
5/1/2001,0.346094837,0.614702155,0.087726788
5/9/2001,0.315357646,0.577623304,0.007185123
5/17/2001,0.279857828,0.488260084,-0.053417576
5/25/2001,0.259479703,0.444954128,-0.080795185
6/2/2001,0.250191107,0.421971528,-0.114123159
6/10/2001,0.254652898,0.405628336,-0.100310559
,,,
6/26/2001,0.211855911,0.372065728,-0.087075361
7/4/2001,0.239834314,0.40206732,-0.147736427
7/12/2001,0.228458678,0.407149085,-0.120276163
7/20/2001,0.232933723,0.394321767,-0.113191774
7/28/2001,0.220754417,0.394594595,-0.133462966
8/5/2001,0.240060135,0.412475955,-0.094911076
8/13/2001,0.22110375,0.393194166,-0.109160724
8/21/2001,0.21528771,0.367627955,-0.111860975
8/29/2001,0.208835341,0.37037037,-0.097730257
9/6/2001,0.235816601,0.369426752,-0.063023802
9/14/2001,0.207784178,0.359010402,-0.099142751
9/22/2001,0.247911774,0.404069767,-0.013782542
9/30/2001,0.214859903,0.395193185,-0.117567828
10/8/2001,0.207655623,0.354543004,-0.111268353
10/16/2001,0.207751557,0.353894407,-0.123222749
10/24/2001,0.200230189,0.354935494,-0.06578403
11/1/2001,0.209563948,0.376228776,-0.082605242
11/9/2001,0.214507084,0.393742093,-0.086992448
11/17/2001,0.219450219,0.411255411,-0.091379654
11/25/2001,0.218822544,0.496545769,-0.04068641
12/3/2001,0.224626558,0.431965443,-0.059796738
12/11/2001,0.214939705,0.47162107,-0.101470955
12/19/2001,0.253278026,0.424948393,-0.029134016
12/27/2001,0.13832998,0.055894309,0.024023654
1/1/2002,0.236097358,0.166666667,0.089690722
1/9/2002,0.223299876,0.483319772,-0.100863132
1/17/2002,0.235307622,0.532928943,-0.052490627
1/25/2002,0.232824284,0.507981989,-0.102994887
2/2/2002,0.223596395,0.507271172,-0.142161636
2/10/2002,0.246968849,0.531726908,-0.120995621
2/18/2002,0.288409509,0.556561086,-0.081347576
2/26/2002,0.271513189,0.55115758,-0.086430614
3/6/2002,0.324230225,0.577892696,-0.031733439
3/14/2002,0.297873898,0.578125,-0.062051499
3/22/2002,0.360296964,0.615384615,0.011096483
3/30/2002,0.305075697,0.621600622,0.005298651
4/7/2002,0.375478786,0.679440187,0.09398741
4/15/2002,0.366777982,0.66883339,0.083277815
4/23/2002,0.428915066,0.685609273,0.164225737
5/1/2002,0.341087536,0.61568886,0.019126819
5/9/2002,0.308003597,0.522134271,-0.021853806
5/17/2002,0.285680775,0.485340165,-0.059311339
5/25/2002,0.259873097,0.478455155,-0.062158332
6/2/2002,0.23740934,0.433343644,-0.128947368
6/10/2002,0.21563571,0.405681455,-0.152914022
6/18/2002,0.249691636,0.429718876,-0.103919453
6/26/2002,0.220339551,0.406926407,-0.133828289
7/4/2002,0.219743606,0.377692937,-0.155607555
7/12/2002,0.25198688,0.392243495,-0.102957457
7/20/2002,0.218311428,0.374454148,-0.136784368
7/28/2002,0.202031825,0.364364068,-0.161137441
8/5/2002,0.234830305,0.373852642,-0.12304038
8/13/2002,0.224632068,0.407452657,-0.101053453
8/21/2002,0.208808507,0.361915367,-0.133238838
8/29/2002,0.21504828,0.396427452,-0.107550571
9/6/2002,0.207836735,0.366330935,-0.118618897
9/14/2002,0.221457014,0.37704918,-0.108151881
9/22/2002,0.197391955,0.35005767,-0.119593832
9/30/2002,0.196045965,0.35385535,-0.133511859
10/8/2002,0.211569808,0.374337846,-0.100192678
10/16/2002,0.206010745,0.370135747,-0.093232182
10/24/2002,0.195293268,0.343335257,-0.126945434
11/1/2002,0.194890659,0.365390699,-0.102142709
11/9/2002,0.191546484,0.356845143,-0.013059701
11/17/2002,0.219061166,0.441577061,-0.095976624
11/25/2002,0.222336758,0.442205726,-0.098342541
12/3/2002,0.241673658,0.481993452,-0.085521886
12/11/2002,0.242724312,0.515828376,-0.0490629
12/19/2002,0.243774965,0.5496633,-0.012603915
12/27/2002,0.27366548,0.505921053,-0.022003845
1/1/2003,0.297742336,0.515079128,-0.050523952
1/9/2003,0.296953313,0.532711725,-0.032296953
1/17/2003,0.29616429,0.550344323,-0.014069955
1/25/2003,0.295375267,0.56797692,0.004157044
2/2/2003,0.266569779,0.576986755,-0.065030675
2/10/2003,0.275499512,0.533030409,-0.064220183
2/18/2003,0.295102317,0.604158645,-0.023441163
2/26/2003,0.305134602,0.593625498,-0.027624309
3/6/2003,0.348131587,0.607054455,-0.012547529
3/14/2003,0.359713551,0.637073171,0.0507201
3/22/2003,0.3638661,0.647864363,0.082458771
3/30/2003,0.386538672,0.660636307,0.088085019
4/7/2003,0.42296978,0.680181457,0.131563872
4/15/2003,0.489183192,0.730709477,0.246085011
4/23/2003,0.392212618,0.735513686,0.203945746
5/1/2003,0.372398557,0.690802111,0.164297147
5/9/2003,0.352584497,0.646090535,0.124648547
5/17/2003,0.326406865,0.562480904,0.035851732
5/25/2003,0.273182957,0.520819113,-0.046232877
6/2/2003,0.26254892,0.46546003,-0.096522224
6/10/2003,0.22900367,0.427740058,-0.109318273
6/18/2003,0.23534984,0.405116671,-0.134245626
6/26/2003,0.230006115,0.43093571,-0.121360172
7/4/2003,0.226032494,0.382075472,-0.133990148
7/12/2003,0.230375979,0.358870968,-0.065025143
7/20/2003,0.227380538,0.37467431,-0.111784512
7/28/2003,0.208815503,0.399405352,-0.166961652
8/5/2003,0.208277209,0.389851875,-0.164930884
8/13/2003,0.194907423,0.375041159,-0.173233023
8/21/2003,0.208562965,0.400860642,-0.149175714
8/29/2003,0.214293218,0.423236515,-0.128335451
9/6/2003,0.191335983,0.369070825,-0.170309116
9/14/2003,0.201070498,0.402964008,-0.137714162
9/22/2003,0.19788327,0.38705327,-0.147357513
9/30/2003,0.176995691,0.349780331,-0.184398611
10/8/2003,0.192847594,0.34969697,-0.161521084
10/16/2003,0.177577659,0.340006458,-0.137393473
10/24/2003,0.192856424,0.361661945,-0.141496329
11/1/2003,0.19109161,0.395360887,-0.095072489
11/9/2003,0.189326796,0.429059829,-0.048648649
11/17/2003,0.202264462,0.467301862,-0.096774194
11/25/2003,0.190592502,0.425971878,-0.093823916
12/3/2003,0.21929582,0.460301615,-0.08094454
12/11/2003,0.247999139,0.494631353,-0.068065164
12/19/2003,0.224574844,0.506388257,-0.053036095
12/27/2003,0.20115055,0.518145161,-0.038007027
1/1/2004,0.20115055,0.518145161,-0.038007027
1/9/2004,0.198330248,0.462962963,-0.07730812
1/17/2004,0.220010195,0.490435204,-0.067625089
1/25/2004,0.241690141,0.517907445,-0.057942058
2/2/2004,0.240915053,0.567469332,-0.051937345
2/10/2004,0.240616342,0.541417592,-0.115629593
2/18/2004,0.258511965,0.558208743,-0.098098183
2/26/2004,0.276407588,0.574999894,-0.080566772
3/5/2004,0.29430321,0.591791045,-0.063035361
3/13/2004,0.27893789,0.598684211,-0.026052104
3/21/2004,0.365458406,0.675619835,0.061055386
3/29/2004,0.407445218,0.700407396,0.121306055
4/6/2004,0.373968836,0.666666667,0.056994819
4/14/2004,0.432602479,0.563726708,0.047603196
4/22/2004,0.296273561,0.549380649,-0.04360405
4/30/2004,0.252702361,0.484072022,-0.047343854
5/8/2004,0.25227134,0.492809541,-0.079186499
5/16/2004,0.235637192,0.423239013,-0.105561862
5/24/2004,0.252163485,0.412294648,-0.095076401
6/1/2004,0.225485397,0.401744186,-0.161537124
6/9/2004,0.237024221,0.391937581,-0.139964647
6/17/2004,0.224092377,0.389676687,-0.131821403
6/25/2004,0.236861933,0.386229844,-0.121919585
7/3/2004,0.218027933,0.374619851,-0.128789206
7/11/2004,0.235882773,0.382753404,-0.120025674
7/19/2004,0.217052785,0.378813089,-0.143201792
7/27/2004,0.229913397,0.377148635,-0.108346972
8/4/2004,0.21600025,0.374458874,-0.136201326
8/12/2004,0.211329759,0.37038098,-0.123006416
8/20/2004,0.212433415,0.357296137,-0.129537244
8/28/2004,0.227337177,0.384697414,-0.09543713
9/5/2004,0.209223847,0.355737705,-0.116767533
9/13/2004,0.204952392,0.345794393,-0.128699918
9/21/2004,0.211934607,0.371710526,-0.149991507
9/29/2004,0.223017621,0.37408313,-0.101598579
10/7/2004,0.210390659,0.363173412,-0.127914952
10/15/2004,0.206422824,0.400613706,-0.078303792
10/23/2004,0.202829322,0.454320988,-0.131695332
10/31/2004,0.23285922,0.46742613,-0.114310271
11/8/2004,0.235794284,0.50951032,-0.029908973
11/16/2004,0.253389895,0.549261084,-0.077261614
11/24/2004,0.285090115,0.559285714,-0.041282389
12/2/2004,0.266594932,0.562867215,-0.052481596
12/10/2004,0.276278357,0.526224383,0.012909175
12/18/2004,0.267134584,0.600689953,-0.026743576
12/26/2004,0.194692818,0.426251691,0.002854424
1/1/2005,0.355348564,0.637080868,0.048200379
1/9/2005,0.274086708,0.640407785,0.07305244
1/17/2005,0.305173913,0.646730817,0.058553155
1/25/2005,0.336261119,0.653053849,0.044053869
2/2/2005,0.360681939,0.610827068,0.012476371
2/10/2005,0.35189038,0.624045802,0.021813088
2/18/2005,0.324040756,0.659853452,0.040367416
2/26/2005,0.399690748,0.674249318,0.086828116
3/6/2005,0.35338686,0.677629201,0.080791618
3/14/2005,0.37522985,0.729065873,0.137888807
3/22/2005,0.413910277,0.688929001,0.213313162
3/30/2005,0.444365909,0.785080513,0.260324826
4/7/2005,0.441086416,0.730390695,0.235782748
4/15/2005,0.411755985,0.720025924,0.219388927
4/23/2005,0.390072249,0.725121781,0.214600686
5/1/2005,0.3807059,0.710286914,0.21471173
5/9/2005,0.381722518,0.628123184,0.148831488
5/17/2005,0.336524408,0.615230461,0.115828334
5/25/2005,0.299024058,0.589265747,0.07568113
6/2/2005,0.276748252,0.495461659,-0.00520508
6/10/2005,0.257451146,0.480170436,-0.081927221
6/18/2005,0.220955987,0.461395002,-0.126616139
6/26/2005,0.21780173,0.420059583,-0.162763466
7/4/2005,0.192494114,0.389901823,-0.189200245
7/12/2005,0.223054599,0.411581569,-0.144366862
7/20/2005,0.198577662,0.383289125,-0.16660008
7/28/2005,0.214450732,0.389243391,-0.138171536
8/5/2005,0.211623826,0.402223676,-0.122390503
8/13/2005,0.219101313,0.400864731,-0.135176358
8/21/2005,0.193729117,0.370083817,-0.165193479
8/29/2005,0.206548449,0.376741369,-0.140805141
9/6/2005,0.204112953,0.379879403,-0.119124797
9/14/2005,0.207083738,0.378676471,-0.132111861
9/22/2005,0.201060387,0.3832021,-0.122763213
9/30/2005,0.204873015,0.384807752,-0.141472868
10/8/2005,0.194794001,0.376666667,-0.132717346
10/16/2005,0.204919447,0.388743455,-0.113061651
10/24/2005,0.199292494,0.384719405,-0.088562528
11/1/2005,0.197462473,0.408502773,-0.109813084
11/9/2005,0.172061453,0.380395321,-0.169014085
11/17/2005,0.159068662,0.344436033,-0.20018014
11/25/2005,0.164066506,0.367514356,-0.083058306
12/3/2005,0.142619619,0.359069767,-0.22943038
12/11/2005,0.169478815,0.407207207,-0.15590381
12/19/2005,0.153812393,0.476219889,-0.081475788
12/27/2005,0.097848266,0.043406706,0.222757956
1/1/2006,0.189581788,0.491148204,-0.170278638
1/9/2006,0.183006278,0.487638085,-0.115420707
1/17/2006,0.202010476,0.505055368,-0.136702568
1/25/2006,0.213972951,0.516870138,-0.144464843
2/2/2006,0.225935425,0.528684907,-0.152227117
2/10/2006,0.234368992,0.550835969,-0.141141141
2/18/2006,0.249657623,0.522665633,-0.11206507
2/26/2006,0.260507637,0.530658592,0.031106578
3/6/2006,0.301840057,0.538170347,-0.01752972
3/14/2006,0.341059834,0.546115148,0.020099576
3/22/2006,0.281202279,0.56511976,-0.007358177
3/30/2006,0.249122807,0.267419962,0.11294857
4/7/2006,0.289165364,0.454489202,0.083391865
4/15/2006,0.329207921,0.641558442,0.05383516
4/23/2006,0.363221101,0.655585106,0.081668115
5/1/2006,0.344356796,0.649964209,0.071594607
5/9/2006,0.301342883,0.543780291,-0.017478922
5/17/2006,0.283331512,0.545582048,-0.040278685
5/25/2006,0.261571884,0.48521287,-0.090547264
6/2/2006,0.294967698,0.508052709,-0.050691244
6/10/2006,0.240194435,0.436225266,-0.131443299
6/18/2006,0.217205112,0.411421155,-0.142181029
6/26/2006,0.226518611,0.400058021,-0.13667263
7/4/2006,0.220904987,0.416775033,-0.127352823
7/12/2006,0.245987439,0.403590945,-0.111367381
7/20/2006,0.195322925,0.367891926,-0.166698565
7/28/2006,0.220449365,0.383569405,-0.122371968
8/5/2006,0.213717356,0.397910731,-0.125544554
8/13/2006,0.216287472,0.376593936,-0.133119201
8/21/2006,0.196912098,0.364618709,-0.148854227
8/29/2006,0.217778226,0.391961318,-0.112695049
9/6/2006,0.203938115,0.384712571,-0.134452122
9/14/2006,0.198523673,0.348757498,-0.139106655
9/22/2006,0.190282994,0.35281318,-0.143138413
9/30/2006,0.209622577,0.390808241,-0.141795423
10/8/2006,0.190584482,0.362141245,-0.161072493
10/16/2006,0.195635285,0.400868307,-0.10845038
10/24/2006,0.180484397,0.346756152,-0.163390907
11/1/2006,0.15630082,0.348368909,-0.178404908
11/9/2006,0.154085224,0.391345697,-0.242165242
11/17/2006,0.204551174,0.423678332,-0.185863317
11/25/2006,0.175161057,0.459729865,-0.224554876
12/3/2006,0.181504207,0.441860465,-0.2
12/11/2006,0.195474777,0.464317181,-0.185892726
12/19/2006,0.194486405,0.479069767,-0.178719008
12/27/2006,0.226230626,0.516435986,-0.131533317
1/1/2007,0.214038916,0.443314501,-0.127504554
1/9/2007,0.203424083,0.502590674,-0.164484023
1/17/2007,0.191073066,0.479846449,-0.172746781
1/25/2007,0.188162911,0.472735894,-0.205016637
2/2/2007,0.201787802,0.481115108,-0.184249629
2/10/2007,0.250037263,0.526687598,-0.114097017
2/18/2007,0.240781711,0.524497992,-0.114532307
2/26/2007,0.269661288,0.554144884,-0.089277899
3/6/2007,0.319359864,0.583441138,-0.058099269
3/14/2007,0.28445408,0.573474002,-0.085814361
3/22/2007,0.304245195,0.617021277,-0.023629273
3/30/2007,0.409276451,0.702853598,0.136645963
4/7/2007,0.400349585,0.713622804,0.138014528
4/15/2007,0.381739097,0.720561757,0.169358786
4/23/2007,0.371841699,0.69273939,0.139013453
5/1/2007,0.341606098,0.572659733,0.096333126
5/9/2007,0.315839381,0.58871516,0.042605398
5/17/2007,0.288378816,0.50149611,-0.034071222
5/25/2007,0.249593331,0.443808376,-0.068791294
6/2/2007,0.2557463,0.399201597,-0.070907886
6/10/2007,0.226721311,0.395708155,-0.102649007
6/18/2007,0.235468162,0.377470356,-0.10784
6/26/2007,0.230906149,0.399160839,-0.07916053
7/4/2007,0.231027202,0.369047619,-0.095081967
7/12/2007,0.223381655,0.388165038,-0.104535108
7/20/2007,0.240967526,0.394710579,-0.078014184
7/28/2007,0.214996889,0.365608466,-0.098655492
8/5/2007,0.223672501,0.358194774,-0.089055281
8/13/2007,0.201575183,0.345934749,-0.121514281
8/21/2007,0.217715701,0.350636866,-0.091643769
8/29/2007,0.225037603,0.363042464,-0.089889391
9/6/2007,0.21542157,0.350135903,-0.081526307
9/14/2007,0.216290191,0.37435339,-0.054681648
9/22/2007,0.222555939,0.375189873,-0.089964818
9/30/2007,0.213280827,0.366382649,-0.086483687
10/8/2007,0.207829158,0.393620316,-0.0849939
10/16/2007,0.209785696,0.38212816,-0.09175198
10/24/2007,0.172257327,0.335955424,-0.175733064
11/1/2007,0.167751885,0.339341421,-0.199502797
11/9/2007,0.170998867,0.342975207,-0.194214876
11/17/2007,0.175573612,0.374284624,-0.187640956
11/25/2007,0.175943583,0.385951066,-0.196706313
12/3/2007,0.173972747,0.39452592,-0.202195569
12/11/2007,0.172001911,0.403100775,-0.207684825
12/19/2007,0.200771492,0.439839034,-0.112158809
12/27/2007,0.18287659,0.367927928,-0.103024575
1/1/2008,0.18287659,0.367927928,-0.103024575
1/9/2008,0.201322633,0.387214309,-0.090948557
1/17/2008,0.188857939,0.441214751,-0.171777612
1/25/2008,0.193194401,0.442456115,-0.152269422
2/2/2008,0.197530864,0.443697479,-0.132761232
2/10/2008,0.214246575,0.477800407,-0.168652612
2/18/2008,0.215740741,0.476482618,-0.147579693
2/26/2008,0.218569976,0.514399646,-0.144002004
3/5/2008,0.257664831,0.534130351,-0.122241836
3/13/2008,0.27372459,0.512588117,-0.085447534
3/21/2008,0.283629867,0.569081404,-0.044131028
3/29/2008,0.322920068,0.601757945,-0.018437953
4/6/2008,0.320867367,0.619519095,-0.011439672
4/14/2008,0.312930098,0.566557377,-0.017276841
4/22/2008,0.265062884,0.528040787,-0.08223972
4/30/2008,0.283277856,0.505976096,-0.067375214
5/8/2008,0.247095485,0.45324635,-0.124298016
5/16/2008,0.262166038,0.449399657,-0.078516903
5/24/2008,0.226826427,0.418740399,-0.140197356
6/1/2008,0.22707647,0.392699115,-0.151902998
6/9/2008,0.215850831,0.386098131,-0.158958001
6/17/2008,0.236691956,0.394874477,-0.130136986
6/25/2008,0.224567388,0.444444444,-0.064875939
7/3/2008,0.257463496,0.405023165,-0.09374017
7/11/2008,0.211706887,0.366612111,-0.141682371
7/19/2008,0.215834002,0.357727738,-0.137516255
7/27/2008,0.221910359,0.348644924,-0.134816561
8/4/2008,0.218999567,0.361615129,-0.127129751
8/12/2008,0.200179937,0.351381839,-0.136576577
8/20/2008,0.217336446,0.371829466,-0.11056683
8/28/2008,0.201700899,0.353586498,-0.124454148
9/5/2008,0.207757094,0.340117019,-0.122877123
9/13/2008,0.194774347,0.335149864,-0.121391429
9/21/2008,0.19962541,0.344279946,-0.129510197
9/29/2008,0.234014082,0.399076338,-0.080849545
10/7/2008,0.219120774,0.416829746,-0.109836066
10/15/2008,0.207929573,0.370826011,-0.141441937
10/23/2008,0.192629267,0.353171025,-0.168759232
10/31/2008,0.200836672,0.416391033,-0.153339192
11/8/2008,0.209244782,0.448328851,-0.157918249
11/16/2008,0.215995546,0.485,-0.136627907
11/24/2008,0.22953593,0.534946237,-0.067501361
12/2/2008,0.230899021,0.507866075,-0.108088762
12/10/2008,0.170279292,0.561281337,0.039888683
12/18/2008,0.230844424,0.519458545,-0.123046875
12/26/2008,0.258460191,0.523668639,-0.035128806
1/1/2009,0.26672774,0.501656726,-0.069213391
1/9/2009,0.237116484,0.522867738,-0.110040934
1/17/2009,0.246667385,0.504223283,-0.130545532
1/25/2009,0.264068781,0.558881449,-0.087597971
2/2/2009,0.274565423,0.554331865,-0.078563656
2/10/2009,0.263435791,0.557684631,-0.066060316
2/18/2009,0.281484124,0.538566553,-0.03510274
2/26/2009,0.28795016,0.587141751,-0.001461988
3/6/2009,0.289973,0.579453067,-0.057136554
3/14/2009,0.287979809,0.604109048,-0.037230258
3/22/2009,0.300924172,0.601666036,0.000709723
3/30/2009,0.342981977,0.625913621,0.02901598
4/7/2009,0.368461879,0.746911269,0.159542744
4/15/2009,0.361388838,0.637179487,0.057775937
4/23/2009,0.310862667,0.588954911,0.024104528
5/1/2009,0.301095223,0.563116706,0.005691769
5/9/2009,0.300629477,0.562246279,0.016956617
5/17/2009,0.28237719,0.499696049,-0.041197046
5/25/2009,0.251751927,0.464297254,-0.068830902
6/2/2009,0.235202687,0.439622854,-0.102217065
6/10/2009,0.218653448,0.414948454,-0.135603228
6/18/2009,0.230147178,0.393637621,-0.118305915
6/26/2009,0.207702362,0.311647931,-0.126890623
7/4/2009,0.217479994,0.3609375,-0.155189137
7/12/2009,0.198285453,0.367718447,-0.162081784
7/20/2009,0.22211492,0.372972973,-0.120498615
7/28/2009,0.203504437,0.362058994,-0.137678506
8/5/2009,0.220030111,0.357816883,-0.131626162
8/13/2009,0.1952239,0.344187375,-0.154813218
8/21/2009,0.229072117,0.389467756,-0.086465469
8/29/2009,0.209333333,0.381762918,-0.094782955
9/6/2009,0.22150618,0.356373654,-0.12447462
9/14/2009,0.193030463,0.356903383,-0.156178923
9/22/2009,0.203870634,0.355693348,-0.144888889
9/30/2009,0.207725322,0.38658147,-0.101635272
10/8/2009,0.201404287,0.364105679,-0.11904295
10/16/2009,0.211678307,0.428571429,-0.103795153
10/24/2009,0.217676463,0.433004231,-0.120726958
11/1/2009,0.23657638,0.439341147,-0.106567047
11/9/2009,0.230142417,0.474640424,-0.089719626
11/17/2009,0.221523615,0.455981941,-0.076151826
11/25/2009,0.234043345,0.507468712,-0.046232439
12/3/2009,0.210968103,0.466391753,-0.091930541
12/11/2009,0.171763001,0.469515373,-0.025233322
12/19/2009,0.207738542,0.472649573,-0.136773547
12/27/2009,0.22571977,0.518061674,-0.082778813
1/1/2010,0.22571977,0.518061674,-0.082778813
1/9/2010,0.248035997,0.509662751,-0.069376314
1/17/2010,0.254154731,0.521485353,-0.065333694
1/25/2010,0.260273464,0.533307956,-0.061291074
2/2/2010,0.266495329,0.536193788,-0.050581741
2/10/2010,0.272717194,0.53907962,-0.039872408
2/18/2010,0.254117737,0.555648187,-0.02507837
2/26/2010,0.282381498,0.593440638,0.005633703
3/6/2010,0.310645259,0.631233089,0.036345776
3/14/2010,0.306337389,0.580722892,0.021579533
3/22/2010,0.343145979,0.607435413,0.061810614
3/30/2010,0.455447959,0.701260392,0.185794393
4/7/2010,0.375610114,0.663103337,0.123167797
4/15/2010,0.399691698,0.698524695,0.171940695
4/23/2010,0.396608315,0.678627145,0.160984031
5/1/2010,0.373183863,0.649967887,0.160867601
5/9/2010,0.396939509,0.575006199,0.235557285
5/17/2010,0.368470779,0.579617834,0.088913282
5/25/2010,0.331024377,0.557800224,0.072642968
6/2/2010,0.296858804,0.51547377,0.014878989
6/10/2010,0.26269323,0.473147315,-0.04288499
6/18/2010,0.235436474,0.445098039,-0.091618735
6/26/2010,0.245865602,0.439009662,-0.115605864
7/4/2010,0.223208168,0.423189347,-0.112775866
7/12/2010,0.227668452,0.391304348,-0.129636171
7/20/2010,0.21878353,0.397018558,-0.119294208
7/28/2010,0.240348407,0.417995444,-0.097499094
8/5/2010,0.214986707,0.395054282,-0.12270055
8/13/2010,0.217260491,0.381111111,-0.113409415
8/21/2010,0.217596973,0.400119976,-0.094822571
8/29/2010,0.225963946,0.391752577,-0.087837838
9/6/2010,0.228415974,0.421268539,-0.06264308
9/14/2010,0.220917136,0.396248196,-0.080053242
9/22/2010,0.241081475,0.427398064,-0.051831645
9/30/2010,0.209200223,0.371977862,-0.08685537
10/8/2010,0.191855116,0.345116042,-0.051628303
10/16/2010,0.174510009,0.318254221,-0.016401236
10/24/2010,0.185520523,0.400843882,-0.128816794
11/1/2010,0.217899266,0.462416372,-0.058525462
11/9/2010,0.230068945,0.506711409,-0.065313557
11/17/2010,0.22696477,0.49548069,-0.086345382
11/25/2010,0.229742138,0.534015118,-0.089229145
12/3/2010,0.236207282,0.509433962,-0.060469765
12/11/2010,0.242028073,0.506000774,-0.076009501
12/19/2010,0.234997979,0.488354334,-0.051812211
12/27/2010,0.23624961,0.546150383,-0.068619474
1/1/2011,0.237489888,0.553659632,-0.07486631
1/9/2011,0.236011764,0.504266874,-0.062832286
1/17/2011,0.193580345,0.518302387,-0.098298677
1/25/2011,0.227184541,0.554713406,-0.104257642
2/2/2011,0.242295752,0.535117057,-0.111970979
2/10/2011,0.231926534,0.555971897,-0.105305683
2/18/2011,0.317398673,0.556311881,-0.037872992
2/26/2011,0.284324862,0.51744186,0.003417343
3/6/2011,0.295056107,0.589119542,-0.022887324
3/14/2011,0.368508927,0.575418994,0.077314899
3/22/2011,0.326311591,0.573613767,0.029393371
3/30/2011,0.326025962,0.626302551,0.027702089
4/7/2011,0.361632356,0.639291465,0.087606838
4/15/2011,0.458274399,0.702439024,0.19112628
4/23/2011,0.378549494,0.725917848,0.152706968
5/1/2011,0.334961619,0.612903226,0.039185971
5/9/2011,0.305589285,0.593002499,0.05285512
5/17/2011,0.303900144,0.564499484,0.038830516
5/25/2011,0.279173646,0.505050505,-0.012222913
6/2/2011,0.282970331,0.492537313,-0.034749035
6/10/2011,0.265567444,0.498026316,-0.060837286
6/18/2011,0.239103678,0.495313086,-0.107230804
6/26/2011,0.222647203,0.445419445,-0.1764
7/4/2011,0.208034176,0.441860465,-0.175495967
7/12/2011,0.218919012,0.428378834,-0.173234491
7/20/2011,0.196561061,0.40625,-0.181991122
7/28/2011,0.200871578,0.386125654,-0.201056205
8/5/2011,0.203033182,0.413323782,-0.172919723
8/13/2011,0.214930579,0.413350871,-0.151933702
8/21/2011,0.192367574,0.390998594,-0.180273518
8/29/2011,0.20775104,0.395907762,-0.146883684
9/6/2011,0.198889275,0.387162162,-0.155838816
9/14/2011,0.215029425,0.421357898,-0.126807797
9/22/2011,0.222647203,0.445419445,-0.1764
9/30/2011,0.249956393,0.449921507,-0.059470468
10/8/2011,0.206983843,0.464106845,-0.144807411
10/16/2011,0.252717696,0.5484394,-0.086124402
10/24/2011,0.252485462,0.556198347,-0.093622142
11/1/2011,0.289488372,0.589393939,-0.007098912
11/9/2011,0.278495227,0.555223881,-0.008563273
11/17/2011,0.249031758,0.554310345,-0.023558083
11/25/2011,0.251228939,0.544973545,-0.079980611
12/3/2011,0.243626916,0.529026983,-0.089802872
12/11/2011,0.233487833,0.538530067,-0.016794762
12/19/2011,0.220498015,0.47,-0.117728532
12/27/2011,0.22235597,0.425463852,-0.134084726
1/1/2012,0.204628203,0.424011607,-0.127555556
1/9/2012,0.209085933,0.4584,-0.170798272
1/17/2012,0.209474073,0.460907317,-0.142012362
1/25/2012,0.209862214,0.463414634,-0.113226453
2/2/2012,0.224455127,0.465866467,-0.154295607
2/10/2012,0.242081368,0.482502651,-0.167030785
2/18/2012,0.227862962,0.445255474,-0.046548957
2/26/2012,0.224354188,0.478122514,-0.091442543
3/5/2012,0.2697588,0.492462312,-0.143320714
3/13/2012,0.261559158,0.526469657,-0.102277831
3/21/2012,0.253359516,0.560477002,-0.061234947
3/29/2012,0.297208724,0.614964926,0.001208021
4/6/2012,0.310592397,0.549218031,-0.020930233
4/14/2012,0.32733718,0.636830521,0.012480145
4/22/2012,0.336540283,0.654994471,0.098605334
4/30/2012,0.363056385,0.651770937,0.064192792
5/8/2012,0.351058522,0.601710446,0.031268437
5/16/2012,0.327253025,0.571608833,-0.004396483
5/24/2012,0.243565352,0.474309682,-0.062041361
6/1/2012,0.233145387,0.437378326,-0.111155698
6/9/2012,0.206134508,0.387978142,-0.137951687
6/17/2012,0.246340652,0.410818308,-0.092595897
6/25/2012,0.261753813,0.411242604,-0.072285251
7/3/2012,0.234312947,0.387647832,-0.096663815
7/11/2012,0.223907657,0.347724073,-0.129433162
7/19/2012,0.231760666,0.363316582,-0.116560262
7/27/2012,0.239613675,0.378909091,-0.103687362
8/4/2012,0.224820144,0.375835189,-0.063837848
8/12/2012,0.240623013,0.390206186,-0.084676735
8/20/2012,0.203816132,0.344322344,-0.126487589
8/28/2012,0.204603207,0.332700071,-0.122850891
9/5/2012,0.198468731,0.341246291,-0.123876652
9/13/2012,0.214681231,0.346350989,-0.109173127
9/21/2012,0.219821386,0.348538845,-0.112570356
9/29/2012,0.209934396,0.351832461,-0.096254813
10/7/2012,0.228572368,0.404478046,-0.042616452
10/15/2012,0.215846481,0.375033995,-0.063530283
10/23/2012,0.212612241,0.394132653,-0.082283795
10/31/2012,0.200480023,0.403409091,-0.149741824
11/8/2012,0.220408457,0.446467589,-0.092736409
11/16/2012,0.258387493,0.47223114,-0.058895957
11/24/2012,0.237106202,0.484234234,-0.080892608
12/2/2012,0.246240103,0.514647664,0.015662331
12/10/2012,0.272064807,0.562094001,-0.015651336
12/18/2012,0.282670662,0.573600297,-0.038295944
12/26/2012,0.253926899,0.568229827,-0.021097046
1/1/2013,0.253926899,0.568229827,-0.021097046
1/9/2013,0.250302939,0.517619421,-0.023677582
1/17/2013,0.244398432,0.520882585,-0.074562455
1/25/2013,0.240540745,0.518103736,-0.083314528
2/2/2013,0.236683059,0.515324888,-0.092066601
2/10/2013,0.250852231,0.514047077,-0.095896622
2/18/2013,0.276496859,0.55121245,-0.0617338
2/26/2013,0.262937775,0.534368071,-0.099934966
3/6/2013,0.294556037,0.550763106,-0.058420629
3/14/2013,0.297097041,0.574784983,-0.041272217
3/22/2013,0.299638046,0.598806861,-0.024123805
3/30/2013,0.379842724,0.661016949,0.042758621
4/7/2013,0.372803696,0.698474636,0.116083916
4/15/2013,0.37199535,0.673455533,0.080429542
4/23/2013,0.328467153,0.616871705,0.021314387
5/1/2013,0.295393801,0.528243327,-0.050337512
5/9/2013,0.280149222,0.519973369,-0.054854067
5/17/2013,0.279887771,0.484310243,-0.063678805
5/25/2013,0.257950171,0.438993814,-0.097664318
6/2/2013,0.23601257,0.393677384,-0.131649832
6/10/2013,0.22095939,0.392083213,-0.132985424
6/18/2013,0.229354959,0.375760649,-0.118297043
6/26/2013,0.223061324,0.442134442,-0.110113321
7/4/2013,0.235182345,0.41029369,-0.103843311
7/12/2013,0.21270079,0.401670951,-0.120209762
7/20/2013,0.191389169,0.36828479,-0.149466908
7/28/2013,0.213182878,0.388068881,-0.121960708
8/5/2013,0.199917625,0.346322722,-0.145891365
8/13/2013,0.19223782,0.355963303,-0.15333206
8/21/2013,0.202588543,0.347552639,-0.128250486
8/29/2013,0.187162273,0.336671576,-0.14731304
9/6/2013,0.19143059,0.338444066,-0.143531977
9/14/2013,0.187176293,0.340083383,-0.143020377
9/22/2013,0.202095085,0.357264957,-0.135233255
9/30/2013,0.202830507,0.371481596,-0.126305419
10/8/2013,0.192959368,0.350672646,-0.144318182
10/16/2013,0.194988469,0.380328969,-0.135952931
10/24/2013,0.183215524,0.34548884,-0.155985013
11/1/2013,0.170114123,0.334736842,-0.090169816
11/9/2013,0.173148552,0.335282651,-0.13601009
11/17/2013,0.164889138,0.337886413,-0.131996269
11/25/2013,0.165689655,0.333102253,-0.161726242
12/3/2013,0.174668761,0.345958742,-0.124119718
12/11/2013,0.185512958,0.358734259,-0.128958808
12/19/2013,0.190962786,0.402905199,-0.102250489
12/27/2013,0.205142422,0.403544649,-0.095143924
1/1/2014,0.179510395,0.370729953,-0.156077042
1/9/2014,0.1889834,0.373812754,-0.162011173
1/17/2014,0.166994106,0.371769384,-0.128127369
1/25/2014,0.193212195,0.382707775,-0.166633003
2/2/2014,0.193804396,0.391281581,-0.178380296
2/10/2014,0.194396597,0.399855387,-0.190127588
2/18/2014,0.197361478,0.423396226,-0.213511259
2/26/2014,0.211699379,0.505059798,-0.090605892
3/6/2014,0.267661727,0.529453513,-0.140578265
3/14/2014,0.319458065,0.610128339,-0.051297772
3/22/2014,0.396211409,0.673218673,0.04307869
3/30/2014,0.416108112,0.689168917,0.076070336
4/7/2014,0.351881265,0.655986087,0.073688818
4/15/2014,0.287654419,0.622803258,0.071307301
4/23/2014,0.414807083,0.678539888,0.102048705
5/1/2014,0.353829361,0.6224,0.148357871
5/9/2014,0.286783976,0.567407407,0.025193798
5/17/2014,0.303003658,0.536592962,-0.0132
5/25/2014,0.25472059,0.467901629,-0.052956934
6/2/2014,0.232730601,0.391558269,-0.09869326
6/10/2014,0.236942287,0.371360382,-0.098383807
6/18/2014,0.24606961,0.402040283,-0.067826087
6/26/2014,0.212153788,0.374441964,-0.11736248
7/4/2014,0.222205438,0.363658838,-0.084936961
7/12/2014,0.22726538,0.367677824,-0.074008499
7/20/2014,0.219173574,0.360571007,-0.094067519
7/28/2014,0.213276204,0.374508703,-0.089116279
8/5/2014,0.214030371,0.331440738,-0.068674499
8/13/2014,0.199797129,0.349087003,-0.101734311
8/21/2014,0.218569198,0.356465302,-0.073960464
8/29/2014,0.201360077,0.340543392,-0.091689008
9/6/2014,0.199720967,0.330655285,-0.100932994
9/14/2014,0.217065391,0.340675845,-0.052706049
9/22/2014,0.209972088,0.341765617,-0.075253514
9/30/2014,0.180247542,0.323068149,-0.151271264
10/8/2014,0.181778224,0.316739606,-0.126949583
10/16/2014,0.19357183,0.344300823,-0.113865221
10/24/2014,0.207470877,0.346370212,-0.128036086
11/1/2014,0.172746375,0.340808699,-0.172919723
11/9/2014,0.18392322,0.401323472,-0.1300145
11/17/2014,0.200966112,0.442729488,-0.123612139
11/25/2014,0.208815002,0.466011466,-0.127254998
12/3/2014,0.225030368,0.513308763,-0.079925841
12/11/2014,0.241245733,0.560606061,-0.032596685
12/19/2014,0.256694721,0.57106383,-0.064131812
12/27/2014,0.230372782,0.542179663,-0.087179487
1/1/2015,0.230372782,0.542179663,-0.087179487
1/9/2015,0.245421655,0.52056962,-0.054599115
1/17/2015,0.235124243,0.540665484,-0.083009477
1/25/2015,0.224826831,0.560761347,-0.111419839
2/2/2015,0.275590551,0.559257857,-0.066847949
2/10/2015,0.258115717,0.542494043,-0.005377721
2/18/2015,0.280692349,0.605284889,-0.074726321
2/26/2015,0.275859423,0.611394558,-0.046060911
3/6/2015,0.294250282,0.597709924,-0.030794165
3/14/2015,0.427531943,0.666666667,0.134935305
3/22/2015,0.351265464,0.690591298,0.058193669
3/30/2015,0.37919159,0.657861635,0.07789818
4/7/2015,0.351763513,0.673983447,0.093559003
4/15/2015,0.382647467,0.651119403,0.086333879
4/23/2015,0.325207798,0.628375945,0.04845815
5/1/2015,0.339401365,0.581409295,0.038188976
5/9/2015,0.310827574,0.563987138,0.010386373
5/17/2015,0.187321575,0.429982047,-0.027769301
5/25/2015,0.263239929,0.487491982,-0.074251497
6/2/2015,0.258685863,0.439174107,-0.07958601
6/10/2015,0.255156215,0.427262931,-0.095595766
6/18/2015,0.227308678,0.381470666,-0.143656409
6/26/2015,0.211822821,0.377661126,-0.16433752
7/4/2015,0.226871413,0.375032578,-0.149032258
7/12/2015,0.200408861,0.364411944,-0.164708077
7/20/2015,0.210848274,0.367763905,-0.114621602
7/28/2015,0.215170687,0.379210221,-0.148440301
8/5/2015,0.195242748,0.368755966,-0.14744352
8/13/2015,0.210223642,0.359562842,-0.146483705
8/21/2015,0.216416516,0.353509664,-0.141058748
8/29/2015,0.189033189,0.333521924,-0.157311405
9/6/2015,0.204473742,0.336763571,-0.146938105
9/14/2015,0.187646468,0.356438792,-0.162708538
9/22/2015,0.214473809,0.374307863,-0.110075296
9/30/2015,0.189196647,0.383164513,-0.153665313
10/8/2015,0.210967541,0.406542056,-0.127716829
10/16/2015,0.200289661,0.393476752,-0.128850325
10/24/2015,0.19140471,0.407322654,-0.166290104
11/1/2015,0.210223642,0.359562842,-0.146483705
11/9/2015,0.240726272,0.494648318,-0.102799449
11/17/2015,0.246038831,0.510219823,-0.094775774
11/25/2015,0.240453959,0.533923304,-0.050352205
12/3/2015,0.283769313,0.630416313,-0.044084682
12/11/2015,0.245269397,0.551945276,-0.064674053
12/19/2015,0.232046332,0.534222222,-0.067531064
12/27/2015,0.245835261,0.558965366,-0.108995239
1/1/2016,0.274020309,0.542256075,-0.038661542
1/9/2016,0.245881281,0.548182146,-0.057311111
1/17/2016,0.217742253,0.554108216,-0.075960679
1/25/2016,0.246286462,0.574506284,-0.070728477
2/2/2016,0.24747552,0.56704645,-0.064608946
2/10/2016,0.2625506,0.56792144,-0.111523302
2/18/2016,NA,NA,NA
2/26/2016,0.333054576,0.609853529,0.031569966
3/5/2016,0.416951224,0.688836105,0.148394912
3/13/2016,0.33222654,0.659797677,0.065928778
3/21/2016,0.396922855,0.67965368,0.115858669
3/29/2016,0.370517777,0.690568704,0.090950536
4/6/2016,0.475012548,0.746058559,0.216316925
4/14/2016,0.363116784,0.703321033,0.100357569
4/22/2016,0.361674419,0.670344828,0.081732916
4/30/2016,0.373310251,0.654504359,0.108850898
5/8/2016,0.35060303,0.616553508,0.101564221
5/16/2016,0.302655185,0.52801252,0.040051129
5/24/2016,0.270128196,0.465381245,-0.042016807
6/1/2016,0.229783172,0.414004914,-0.105498349
6/9/2016,0.250133049,0.4222347,-0.082910934
6/17/2016,0.206535861,0.376670717,-0.113285071
6/25/2016,0.217425755,0.355624676,-0.111903549
7/3/2016,0.227257864,0.398737808,-0.065900383
7/11/2016,0.211531488,0.346878097,-0.126185501
7/19/2016,0.20360857,0.353068984,-0.124736472
7/27/2016,0.215455508,0.344793224,-0.109828496
8/4/2016,0.205931573,0.347088013,-0.097146858
8/12/2016,0.210280374,0.340961098,-0.089590886
8/20/2016,0.244653577,0.401590967,-0.072508066
8/28/2016,0.228349229,0.399384271,-0.082568807
9/5/2016,0.205769978,0.358330984,-0.102459016
9/13/2016,0.205889578,0.347139529,-0.112096912
9/21/2016,0.200259998,0.359045505,-0.092458773
9/29/2016,0.19468942,0.3568719,-0.088235294
10/7/2016,0.193719731,0.352272727,-0.099678457
10/15/2016,0.200139836,0.381031614,-0.077367719
10/23/2016,0.217407271,0.446792453,-0.05426739
10/31/2016,0.236538246,0.506805444,-0.069238378
11/8/2016,0.208373753,0.495387454,-0.065436725
11/16/2016,0.255991285,0.576687117,-0.020685901
11/24/2016,0.274597322,0.600849257,0.010994905
12/2/2016,0.280193425,0.604035309,-0.01446281
12/10/2016,0.278593539,0.645814167,0.041933605
12/18/2016,0.289251483,0.603332011,-0.037848131
12/26/2016,0.270218839,0.589211618,-0.021711367
1/1/2017,0.306977757,0.526774595,0.091961701
1/9/2017,0.311259738,0.584944751,-0.014175258
1/17/2017,0.287539345,0.582739212,0.031800391
1/25/2017,0.277376481,0.530753283,-0.000451264
2/2/2017,0.181389578,0.479344262,0.018510158
2/10/2017,0.283036412,0.593141076,-0.025041736
2/18/2017,0.344481485,0.622812703,-0.024352231
2/26/2017,0.292847757,0.593155894,-0.031437818
3/6/2017,0.293582749,0.574437182,-0.005504587
3/14/2017,0.42546197,0.6524277,0.089573128
3/22/2017,0.413325558,0.685610641,0.102848101
3/30/2017,0.363463616,0.675788015,0.118871415
4/7/2017,0.473074448,0.73540856,0.18011718
4/15/2017,0.399745242,0.714668453,0.184088807
4/23/2017,0.401119057,0.707285201,0.151101322
5/1/2017,0.350214063,0.68373494,0.169456067
5/9/2017,0.363780919,0.613710879,0.099959366
5/17/2017,0.305999717,0.548509829,0.022398995
5/25/2017,0.28532745,0.460231868,-0.044628682
6/2/2017,0.24518997,0.456662354,-0.059707724
6/10/2017,0.236122339,0.421780987,-0.124652713
6/18/2017,0.220238506,0.413324709,-0.118062563
6/26/2017,0.218634804,0.370490038,-0.118919855
7/4/2017,0.208452217,0.375453446,-0.136786189
7/12/2017,0.223354483,0.380043621,-0.113795518
7/20/2017,0.204001183,0.357101783,-0.119074281
7/28/2017,0.218164344,0.359366755,-0.125297114
8/5/2017,0.207214875,0.364421416,-0.092822967
8/13/2017,0.211050321,0.343871469,-0.119225543
8/21/2017,0.212832706,0.369235176,-0.115470022
8/29/2017,0.200786728,0.355757576,-0.104662798
9/6/2017,0.205483956,0.359401955,-0.111445217
9/14/2017,0.20322222,0.359228763,-0.110019115
9/22/2017,0.200960485,0.359055572,-0.108593012
9/30/2017,0.201790125,0.352578475,-0.108113103
10/8/2017,0.199926387,0.337284787,-0.089021342
10/16/2017,0.23614135,0.423423423,-0.020458772
10/24/2017,0.205211946,0.374731018,-0.105063038
11/1/2017,0.192749808,0.356109572,-0.118976205
11/9/2017,0.171880004,0.350253807,-0.115019011
11/17/2017,0.165975872,0.386471349,-0.174024641
11/25/2017,0.181622701,0.472055888,-0.149610839
12/3/2017,0.178051769,0.447545717,-0.194645248
12/11/2017,0.190570976,0.430474604,-0.197196262
12/19/2017,0.218722337,0.467665615,-0.167524044
12/27/2017,0.250332937,0.468507915,-0.12607737
1/1/2018,0.219930509,0.445359281,-0.029404373
1/9/2018,0.244864454,0.634007258,-0.097106846
1/17/2018,0.230212815,0.565048807,-0.117190698
1/25/2018,0.215561176,0.496090356,-0.137274549
2/2/2018,0.233621127,0.567901235,-0.145002589
2/10/2018,0.232325948,0.538256228,-0.155967781
2/18/2018,0.26359051,0.545841393,-0.116710875
2/26/2018,0.2598678,0.548207171,-0.109940449
3/6/2018,0.278481013,0.573540856,-0.085274825
3/14/2018,0.28634445,0.596199525,-0.058383933
3/22/2018,0.281602709,0.588212181,-0.027196149
3/30/2018,0.310785767,0.575300172,-0.043333333
4/7/2018,0.369406868,0.657407407,0.091225778
4/15/2018,0.379557893,0.694860117,0.098924278
4/23/2018,0.417662394,0.695088882,0.114942529
5/1/2018,0.375322759,0.677204659,0.082706767
5/9/2018,0.345505254,0.619315251,0.051014717
5/17/2018,0.315687748,0.561425843,0.019322668
5/25/2018,0.225956176,0.456063907,-0.083219021
6/2/2018,0.241253495,0.436324391,-0.125750751
6/10/2018,0.22783892,0.385025313,-0.121811117
6/18/2018,0.229255127,0.399942578,-0.123179284
6/26/2018,0.234752084,0.375626881,-0.132511069
7/4/2018,0.227700903,0.38750691,-0.120686635
7/12/2018,0.211703304,0.393764063,-0.096666667
7/20/2018,0.214774414,0.362374081,-0.136049724
7/28/2018,0.217080983,0.402128346,-0.082313212
8/5/2018,0.211170051,0.376960193,-0.105933033
8/13/2018,0.200279778,0.358801956,-0.100364225
8/21/2018,0.212972388,0.354890008,-0.082226212
8/29/2018,0.22497384,0.35734072,-0.113632626
9/6/2018,0.214591551,0.385407206,-0.088264595
9/14/2018,0.205648855,0.344061303,-0.107227689
9/22/2018,0.197853789,0.342928314,-0.110051357
9/30/2018,0.215244487,0.368536252,-0.059774436
10/8/2018,0.172903837,0.342723005,-0.175453048
10/16/2018,0.184382143,0.34836456,-0.171512195
10/24/2018,0.190028321,0.374440234,-0.126341143
11/1/2018,0.164472464,0.386492375,-0.080080948
11/9/2018,0.174543502,0.334835802,-0.161746866
11/17/2018,0.171034395,0.360358568,-0.111665222
11/25/2018,0.167525289,0.385881334,-0.061583578
12/3/2018,0.204181997,0.424139236,-0.122201493
12/11/2018,0.209737414,0.422008151,-0.089226388
12/19/2018,0.221041705,0.465012679,-0.095195945
12/27/2018,0.232345997,0.508017208,-0.101165501
1/1/2019,0.232345997,0.508017208,-0.101165501
1/9/2019,0.238833284,0.50493486,-0.118612717
1/17/2019,0.264095856,0.564196031,-0.055052606
1/25/2019,0.31497006,0.553684211,-0.057815065
2/2/2019,0.280588257,0.574730354,-0.06130884
2/10/2019,0.265410316,0.566960706,-0.052376334
2/18/2019,0.283516404,0.569601754,-0.086540506
2/26/2019,0.283990358,0.588554447,-0.065346915
3/6/2019,0.284464313,0.60750714,-0.044153324
3/14/2019,0.289079229,0.58141292,-0.074098651
3/22/2019,0.299990336,0.607135307,-0.049148887
3/30/2019,0.310901444,0.632857694,-0.024199124
4/7/2019,0.34728758,0.676071821,0.066449056
4/15/2019,0.382234487,0.695386703,0.078782646
4/23/2019,0.396369871,0.730175077,0.120996441
5/1/2019,0.381323101,0.675711017,0.093430034
5/9/2019,0.333370089,0.605473965,0.003546839
5/17/2019,0.324859883,0.574551076,-0.012015776
5/25/2019,0.316349677,0.543628186,-0.027578391
6/2/2019,0.300801425,0.54048,-0.025900445
6/10/2019,0.24303721,0.52700491,-0.063017826
6/18/2019,0.237973996,0.431916205,-0.148249954
6/26/2019,0.259193765,0.434770667,-0.118758435
7/4/2019,0.249846174,0.425420458,-0.11759686
7/12/2019,0.204351464,0.387004754,-0.16584064
7/20/2019,0.246686918,0.430151339,-0.111392405
7/28/2019,0.23064527,0.414104882,-0.095953757
8/5/2019,0.214202259,0.372250423,-0.162478485
8/13/2019,0.212423287,0.397904097,-0.144910645
8/21/2019,0.214194687,0.371493341,-0.1566475
8/29/2019,0.207481198,0.381443299,-0.142480708
9/6/2019,0.22633676,0.393480792,-0.107049608
9/14/2019,0.209460397,0.409769335,-0.120609395
9/22/2019,0.231622746,0.439473684,-0.114707667
9/30/2019,0.205954818,0.403604216,-0.160122075
10/8/2019,0.215212859,0.394574599,-0.137464252
10/16/2019,0.211974218,0.385033193,-0.143337066
10/24/2019,0.218022747,0.41952862,-0.094112591
11/1/2019,0.208296897,0.409700722,-0.107384012
11/9/2019,0.195503591,0.38477296,-0.127178825
11/17/2019,0.194598054,0.394464428,-0.116887132
11/25/2019,0.193692518,0.404155896,-0.106595439
12/3/2019,0.192786981,0.413847364,-0.096303747
12/11/2019,0.216762477,0.464678179,-0.125175809
12/19/2019,0.200282752,0.501968504,-0.14365881
12/27/2019,0.211723872,0.510697674,-0.139602649
1/1/2020,0.25477707,0.524790236,-0.10519248
1/9/2020,0.28787549,0.544052108,-0.05951138
1/17/2020,0.297701696,0.613114728,-0.055967362
1/25/2020,0.307527903,0.682177349,-0.052423343
2/2/2020,0.24445741,0.559910913,-0.107543323
2/10/2020,0.275421354,0.56431853,-0.112703583
2/18/2020,0.300690703,0.554518173,-0.077744807
2/26/2020,0.284651197,0.565344012,-0.112303881
3/5/2020,0.310661902,0.581330547,-0.065843621
3/13/2020,0.314720622,0.614457831,-0.018859552
3/21/2020,0.378976057,0.647509579,0.012497736
3/29/2020,0.344547651,0.661951396,0.042785617
4/6/2020,0.392955902,0.672478207,0.078065422
4/14/2020,0.427000767,0.696662694,0.112326626
4/22/2020,0.337325424,0.650380022,0.057513915
4/30/2020,0.325436273,0.593253968,-0.004545455
5/8/2020,0.289198799,0.539935152,-0.059327942
5/16/2020,0.252961324,0.486616335,-0.114110429
5/24/2020,0.244992296,0.44648986,-0.13216024
6/1/2020,0.198404255,0.41988743,-0.183250594
6/9/2020,0.221324371,0.452816386,-0.136146151
6/17/2020,0.21590198,0.384119543,-0.171373443
6/25/2020,0.194148758,0.371556694,-0.197074817
7/3/2020,0.225736597,0.399535424,-0.139900071
7/11/2020,0.206700528,0.378503234,-0.155152888
7/19/2020,0.211370262,0.363004172,-0.158653846
7/27/2020,0.201218115,0.365013365,-0.157933309
8/4/2020,0.212471508,0.373390558,-0.147727273
8/12/2020,0.220093473,0.390358613,-0.136703778
8/20/2020,0.20442734,0.367642709,-0.16443802
8/28/2020,0.199734572,0.356213018,-0.130005694
9/5/2020,0.172986832,0.290614198,-0.131974249
9/13/2020,0.2024091,0.34345351,-0.136434919
9/21/2020,0.195707901,0.350397176,-0.145092196
9/29/2020,0.183184671,0.335552194,-0.162110858
10/7/2020,0.199734572,0.356213018,-0.130005694
10/15/2020,0.194343224,0.373333333,-0.128964059
10/23/2020,0.196018272,0.363693865,-0.124644742
10/31/2020,0.19249615,0.378527185,-0.116063548
11/8/2020,0.190648775,0.378230318,-0.113712822
11/16/2020,0.1888014,0.37793345,-0.111362096
11/24/2020,0.199892627,0.423908918,-0.118006582
12/2/2020,0.171147474,0.352320675,-0.199750312
12/10/2020,0.174956522,0.375373134,-0.195723325
12/18/2020,0.170941771,0.404878049,-0.195121951
12/26/2020,0.17864633,0.445130641,-0.15804041
1/1/2021,0.206848957,0.450629825,-0.119170984
1/9/2021,0.189008095,0.487512488,-0.171396772
1/17/2021,0.186504532,0.440140845,-0.227755487
1/25/2021,0.195177956,0.439532944,-0.133534137
2/2/2021,0.204964918,0.503041647,-0.17131063
2/10/2021,0.241199478,0.536231884,-0.144569979
2/18/2021,0.217731713,0.487479132,-0.132635678
2/26/2021,0.225561035,0.523049645,-0.155773956
3/6/2021,0.233844654,0.521975722,-0.153828252
3/14/2021,0.285392837,0.574339623,-0.073300755
3/22/2021,0.269058296,0.5625,-0.093587129
3/30/2021,0.311927265,0.575596817,-0.064014182
4/7/2021,0.340023128,0.537599528,0.059325477
4/15/2021,0.316455696,0.615188025,-0.024476295
4/23/2021,0.285474391,0.509681449,-0.052899687
5/1/2021,0.255286137,0.498766302,-0.08774941
5/9/2021,0.254661515,0.44852071,-0.114967462
5/17/2021,0.237378976,0.44361874,-0.126490714
5/25/2021,0.22760503,0.392327079,-0.152981261
6/2/2021,0.221493441,0.39969651,-0.129975476
6/10/2021,0.234413882,0.407556966,-0.120245178
6/18/2021,0.220866985,0.390670554,-0.122839279
6/26/2021,0.224965794,0.377469301,-0.124087591
7/4/2021,0.21019212,0.361118881,-0.145115952
7/12/2021,0.226529871,0.358906737,-0.127328714
7/20/2021,0.243873246,0.369446963,-0.098343531
7/28/2021,0.212589475,0.349671551,-0.141019457
8/5/2021,0.218196114,0.368566685,-0.11059162
8/13/2021,0.22548394,0.358800774,-0.112164297
8/21/2021,0.248264054,0.381764993,-0.082550987
8/29/2021,0.217753801,0.372067039,-0.099376604
9/6/2021,0.215591696,0.39269813,-0.115050924
9/14/2021,0.214908904,0.371396896,-0.135871463
9/22/2021,0.222159465,0.387732749,-0.10427713
9/30/2021,0.239792313,0.398519275,-0.098420013
10/8/2021,0.204603581,0.371531966,-0.123192597
10/16/2021,0.207379908,0.353518822,-0.138242445
10/24/2021,0.217534494,0.424991534,-0.123333333
11/1/2021,0.222811077,0.479133226,-0.058733401
11/9/2021,0.277821688,0.627118644,-0.050494534
11/17/2021,0.275169335,0.600335852,-0.018284831
11/25/2021,0.2853943,0.636520241,0.007423118
12/3/2021,0.311220311,0.682634731,0.093689185
12/11/2021,0.347603292,0.734128675,0.151995471
12/19/2021,0.313288913,0.744346116,0.143778208
12/27/2021,0.365979381,0.703486239,0.090951821
